{"x": 98.56689237832944, "y": 97.82769968710384, "z": 0}