{"x": 91.19340860173126, "y": 82.11442949795425, "z": 0}