{"x": 58.85832780405422, "y": 72.04632173629292, "z": 0}