{"x": 97.00331385777606, "y": 97.31996162014772, "z": 0}