{"x": 24.917558644114113, "y": 8.98345086054171, "z": 0}