{"x": 178.0008196379422, "y": 186.16302910583943, "z": 0}