{"x": 51.1992786236847, "y": -34.3748633207529, "z": 0}